P1,P2,P3,P4,P5,P6
0.8317,0.0842,0.6021,0.1075,1.7454,0.0585
0.8143,0.0777,0.7136,0.1333,1.4174,0.0696
0.8013,0.0512,0.6363,0.2312,1.3751,0.056
1.0509,0.0569,0.6031,0.222,1.266,0.0777
0.8744,0.067,0.6206,0.2669,1.4158,0.0779
1.0561,0.082,0.6056,0.1125,1.7951,0.0462
0.9347,0.0506,0.6789,0.1163,1.6356,0.0661
0.929,0.0764,0.6137,0.27,1.3381,0.0586
0.9799,0.0588,0.6309,0.1218,1.5846,0.0781
0.9447,0.0785,0.6682,0.1173,1.5748,0.0517
1.0238,0.0544,0.672,0.2254,1.7271,0.067
1.0685,0.0692,0.6704,0.1321,1.3359,0.0633
0.9459,0.077,0.6913,0.1522,1.3999,0.0403
1.0009,0.0708,0.6908,0.1502,1.3449,0.0485
0.9389,0.0501,0.6528,0.2179,1.2354,0.0703
1.0658,0.0766,0.6642,0.1665,1.6706,0.0776
0.809,0.0537,0.6125,0.1222,1.4072,0.0435
0.9148,0.0612,0.6069,0.167,1.6966,0.0755
1.0081,0.0712,0.6319,0.1674,1.7397,0.0578
1.0661,0.066,0.6471,0.1086,1.3365,0.0409
1.0239,0.0885,0.6783,0.1809,1.4113,0.0475
0.9438,0.0664,0.6424,0.182,1.7799,0.0436
1.076,0.0725,0.6858,0.1798,1.4141,0.063
1.0782,0.0574,0.6746,0.1054,1.4344,0.0789
1.0102,0.0726,0.6107,0.1167,1.3978,0.056
1.0637,0.0806,0.6654,0.1056,1.6631,0.0592
0.9254,0.0567,0.678,0.1951,1.3613,0.0679
0.8728,0.0667,0.6355,0.2648,1.4645,0.0745
0.909,0.0806,0.6169,0.2099,1.3762,0.0634
0.8569,0.0644,0.6527,0.1518,1.5838,0.0664
0.9189,0.0611,0.6459,0.1247,1.6793,0.0519
0.9495,0.0503,0.6054,0.1634,1.4412,0.0794
1.0842,0.0675,0.6641,0.1655,1.3847,0.0559
1.0831,0.0802,0.6753,0.1602,1.7037,0.0749
0.8207,0.0832,0.6061,0.243,1.7412,0.0604
0.9443,0.0608,0.6675,0.2128,1.4395,0.0703
0.8517,0.0797,0.7008,0.1708,1.6636,0.0679
0.9895,0.0848,0.6446,0.2463,1.3791,0.0646
0.8493,0.0595,0.6641,0.1795,1.54,0.0649
0.9247,0.0859,0.6331,0.233,1.7284,0.0605
0.9979,0.0885,0.6604,0.1601,1.3437,0.0448
0.853,0.0642,0.6777,0.1727,1.2717,0.0427
0.9504,0.0596,0.7025,0.1439,1.7225,0.0793
0.8681,0.0646,0.6338,0.2419,1.3197,0.0706
0.881,0.0703,0.6279,0.271,1.3061,0.0784
1.0653,0.0695,0.6022,0.2088,1.4213,0.0497
0.8353,0.0824,0.6072,0.2031,1.4472,0.0431
0.9317,0.0638,0.6379,0.2076,1.5165,0.0432
0.9768,0.065,0.6613,0.1261,1.447,0.0611
0.8471,0.0676,0.6544,0.2526,1.3561,0.0612
0.8816,0.0676,0.6455,0.2287,1.3665,0.066
0.911,0.0597,0.6514,0.1378,1.6748,0.0516
1.0269,0.0601,0.7157,0.1316,1.578,0.0407
0.8609,0.0681,0.6867,0.1855,1.3602,0.0692
0.9592,0.0774,0.6026,0.117,1.7493,0.0743
1.0858,0.088,0.6654,0.1797,1.3507,0.0653
0.8136,0.0517,0.6456,0.2265,1.7641,0.065
0.9726,0.0807,0.6042,0.1076,1.3862,0.0594
0.8028,0.0814,0.6737,0.1537,1.6253,0.0791
1.063,0.0766,0.607,0.2066,1.2785,0.0697
1.0622,0.0704,0.6808,0.1864,1.7236,0.0678
0.8592,0.0802,0.7,0.1529,1.333,0.0514
0.936,0.0576,0.6039,0.1219,1.6489,0.0781
1.0074,0.0708,0.6148,0.1784,1.7125,0.0661
0.9022,0.0585,0.6216,0.1375,1.2883,0.0516
0.8459,0.0883,0.6503,0.1657,1.2292,0.0435
0.8973,0.0508,0.6424,0.1343,1.2063,0.0509
0.9214,0.0535,0.7171,0.166,1.7511,0.0547
0.9732,0.0518,0.6482,0.2244,1.4504,0.0492
0.818,0.0715,0.6096,0.1686,1.414,0.063
0.8193,0.0615,0.6391,0.1034,1.5049,0.0767
1.0901,0.0888,0.7086,0.1564,1.2099,0.0767
1.0761,0.0798,0.6555,0.1023,1.2762,0.0569
1.0484,0.0573,0.6259,0.2081,1.3685,0.0566
0.9421,0.0791,0.6311,0.1943,1.2373,0.0542
1.0487,0.0683,0.6835,0.2135,1.3108,0.0549
0.9896,0.0763,0.6251,0.2129,1.6543,0.0607
1.0927,0.0728,0.6354,0.1031,1.353,0.0609
0.861,0.0615,0.6162,0.1872,1.259,0.0696
0.8791,0.0881,0.6902,0.2104,1.2406,0.0754
1.0007,0.0819,0.6036,0.1003,1.6517,0.0487
0.9858,0.0883,0.676,0.1647,1.2335,0.054
0.9325,0.0758,0.6276,0.2227,1.3854,0.066
1.0245,0.0536,0.6667,0.1902,1.3265,0.0586
0.9271,0.0598,0.6136,0.1052,1.7712,0.059
0.9042,0.0526,0.681,0.2192,1.2402,0.0541
0.9255,0.0793,0.619,0.1793,1.6407,0.0506
0.9656,0.0735,0.6815,0.1045,1.2874,0.0677
1.0648,0.0554,0.6709,0.1297,1.2165,0.0469
0.9488,0.0603,0.6587,0.2647,1.6062,0.064
0.9721,0.0769,0.6695,0.1111,1.4203,0.0524
0.9622,0.0605,0.6106,0.2065,1.5492,0.0588
0.841,0.0729,0.6293,0.2706,1.41,0.0661
0.8765,0.0709,0.6127,0.1298,1.4704,0.0543
0.8631,0.0609,0.6106,0.2675,1.5138,0.0522
0.9468,0.0808,0.6573,0.2019,1.3581,0.0513
0.8152,0.0711,0.6669,0.1482,1.7424,0.0454
0.9386,0.0828,0.7105,0.1071,1.3153,0.0479
0.9744,0.0767,0.6196,0.1773,1.5741,0.0439
0.8934,0.0804,0.6042,0.1908,1.4812,0.0498
0.8824,0.0818,0.6108,0.2004,1.6348,0.0427
1.0501,0.0661,0.669,0.1367,1.6578,0.0505
0.8268,0.0635,0.6496,0.1787,1.6373,0.0414
0.8613,0.0601,0.7056,0.1792,1.5498,0.0761
0.8739,0.0564,0.6814,0.2353,1.2723,0.0704
1.0599,0.0723,0.6306,0.1898,1.792,0.0519
0.8688,0.0819,0.6487,0.251,1.7189,0.0731
0.9991,0.0722,0.6511,0.264,1.4449,0.0714
0.8549,0.0842,0.6734,0.1172,1.7813,0.0739
0.9,0.0706,0.6816,0.1133,1.6135,0.0404
0.9444,0.0689,0.7081,0.1394,1.349,0.0799
0.9847,0.0704,0.7023,0.138,1.2847,0.0572
1.0207,0.0595,0.6392,0.2277,1.4341,0.049
1.0236,0.0608,0.6966,0.1912,1.4128,0.0654
0.9804,0.0604,0.6296,0.2314,1.5105,0.0431
0.9051,0.0746,0.6097,0.2609,1.539,0.0542
0.9844,0.0697,0.6511,0.1638,1.3645,0.0436
0.9124,0.0852,0.6226,0.1347,1.4052,0.0428
0.898,0.0692,0.646,0.1918,1.3085,0.0404
1.0539,0.0706,0.6868,0.1597,1.3087,0.0481
0.9142,0.0824,0.601,0.2575,1.2731,0.0669
1.0714,0.0754,0.7029,0.1455,1.625,0.0567
0.8988,0.0516,0.6246,0.2753,1.3445,0.0784
0.9292,0.0736,0.7008,0.1882,1.5732,0.0742
0.9781,0.0611,0.6455,0.1282,1.7971,0.0735
1.0529,0.0519,0.6291,0.2126,1.4407,0.0759
1.0319,0.0744,0.6059,0.2619,1.3251,0.0529
0.9284,0.0868,0.6439,0.1198,1.5601,0.0618
1.0713,0.0542,0.6286,0.1488,1.2913,0.0743
0.8095,0.0557,0.6086,0.1941,1.7077,0.0488
1.0162,0.0529,0.6653,0.1514,1.6131,0.0565
1.0399,0.0793,0.6437,0.1118,1.5032,0.0683
0.9454,0.075,0.7186,0.1001,1.3415,0.0411
1.0254,0.0501,0.69,0.1617,1.4864,0.0522
1.0639,0.0882,0.7105,0.1845,1.5764,0.0742
0.8425,0.0663,0.6823,0.1788,1.2385,0.0506
0.9691,0.0786,0.6875,0.2245,1.6946,0.0712
0.867,0.0603,0.6224,0.1988,1.4113,0.0459
1.0842,0.0628,0.7029,0.165,1.4497,0.0444
0.9145,0.0771,0.6768,0.1667,1.5435,0.0405
1.0518,0.0598,0.6554,0.1956,1.7048,0.0758
1.0611,0.068,0.6319,0.2596,1.5102,0.0419
1.0676,0.0703,0.6221,0.1024,1.3626,0.0705
0.9924,0.0897,0.6738,0.1662,1.508,0.0705
1.0234,0.0851,0.7032,0.1819,1.371,0.0783
1.0231,0.0553,0.673,0.1127,1.3832,0.0497
0.8462,0.0827,0.6376,0.2153,1.2127,0.0401
0.8607,0.0652,0.6543,0.1818,1.557,0.044
0.9322,0.0717,0.7036,0.1892,1.7376,0.0498
1.0346,0.0606,0.6241,0.2232,1.6404,0.0532
0.8597,0.054,0.6528,0.1122,1.4779,0.0678
1.0157,0.0829,0.6772,0.105,1.5697,0.0519
0.8164,0.0742,0.6142,0.158,1.4813,0.0613
0.8133,0.0874,0.6771,0.1552,1.5171,0.0463
0.9595,0.0875,0.6875,0.1396,1.542,0.0493
0.9625,0.0538,0.6632,0.2555,1.3486,0.07
0.9239,0.051,0.6263,0.2911,1.6611,0.0636
0.8752,0.059,0.6289,0.231,1.6282,0.0752
0.8214,0.0559,0.6018,0.1758,1.3101,0.059
0.8717,0.0699,0.6318,0.1035,1.7585,0.0766
0.8157,0.0867,0.6963,0.1275,1.6221,0.0562
0.9597,0.052,0.63,0.1112,1.5921,0.0638
1.0016,0.0855,0.6992,0.1112,1.5668,0.0421
0.9828,0.0554,0.6262,0.2258,1.3346,0.0457
1.0633,0.0875,0.6589,0.1375,1.3632,0.0598
1.0117,0.0589,0.686,0.1637,1.6529,0.0712
0.8481,0.0528,0.6235,0.1624,1.2284,0.0462
0.9745,0.071,0.6373,0.147,1.6755,0.0701
1.0971,0.0628,0.6862,0.1819,1.3234,0.0426
1.0743,0.079,0.6384,0.1429,1.4487,0.0554
1.0969,0.0522,0.646,0.2401,1.3759,0.0562
1.006,0.0765,0.6679,0.2075,1.5322,0.0628
0.9725,0.0685,0.6036,0.2906,1.2874,0.0725
0.8723,0.0841,0.7057,0.1135,1.5492,0.0568
1.0083,0.0651,0.6155,0.2356,1.5073,0.0697
0.8416,0.0822,0.6877,0.1924,1.706,0.0603
0.8788,0.068,0.6919,0.1213,1.6435,0.0404
0.9487,0.0522,0.6384,0.1799,1.5544,0.0441
0.9664,0.0829,0.7192,0.1439,1.7075,0.0403
0.8216,0.0572,0.6417,0.2783,1.5543,0.0784
0.9583,0.0784,0.6446,0.1261,1.3707,0.0579
0.9788,0.0626,0.6627,0.1469,1.3276,0.055
0.9836,0.0641,0.6732,0.1852,1.7339,0.0584
1.039,0.0549,0.6655,0.2183,1.4049,0.0448
1.0765,0.0571,0.6671,0.2443,1.6175,0.0504
0.8664,0.0686,0.6506,0.1424,1.722,0.0536
0.8084,0.0593,0.6236,0.2108,1.7374,0.0696
0.8147,0.0827,0.6312,0.2395,1.3135,0.0716
0.953,0.056,0.6135,0.2993,1.2103,0.0646
0.8076,0.0658,0.6911,0.147,1.4261,0.0743
0.9519,0.0843,0.6165,0.1451,1.6341,0.0686
0.9401,0.0715,0.6522,0.1527,1.4534,0.0498
1.032,0.0625,0.7011,0.1611,1.2286,0.0767
1.0961,0.0612,0.6044,0.1282,1.7798,0.0623
0.954,0.0877,0.6389,0.1972,1.5385,0.046
0.9898,0.051,0.6257,0.243,1.7158,0.0737
0.9593,0.0678,0.6598,0.1037,1.6491,0.0556
0.8485,0.0604,0.614,0.2781,1.223,0.0507
1.0591,0.0604,0.6157,0.1115,1.2678,0.061
1.0278,0.0556,0.6348,0.1204,1.2963,0.0426
1.0533,0.0579,0.6386,0.2173,1.7836,0.0792
0.871,0.0637,0.7153,0.1098,1.3913,0.0493
0.8189,0.0766,0.6118,0.1927,1.2346,0.0416
1.0086,0.062,0.6869,0.1798,1.3069,0.0501
1.0523,0.082,0.687,0.1632,1.7586,0.0597
0.8083,0.0736,0.6368,0.1378,1.3195,0.0642
0.9989,0.0778,0.6627,0.1649,1.2577,0.0572
0.8991,0.0585,0.608,0.2198,1.6167,0.0573
0.8173,0.0649,0.6192,0.1212,1.4777,0.0473
0.971,0.0621,0.6631,0.124,1.6442,0.059
1.0127,0.0851,0.6922,0.1909,1.5097,0.0496
1.0507,0.0545,0.602,0.1225,1.6832,0.0765
0.8508,0.0524,0.6349,0.2466,1.4181,0.0651
0.8357,0.0581,0.6055,0.1619,1.7903,0.0653
0.8508,0.0501,0.6149,0.182,1.7979,0.0568
1.093,0.053,0.6547,0.1,1.7688,0.0594
0.9457,0.0546,0.6291,0.1224,1.5284,0.0708
0.8784,0.077,0.6165,0.2625,1.5219,0.0413
1.0614,0.0635,0.6888,0.2178,1.4005,0.0677
0.9621,0.052,0.6801,0.2059,1.2894,0.0527
0.9474,0.0837,0.6119,0.2628,1.4317,0.0691
0.8234,0.0543,0.6276,0.2828,1.209,0.049
0.9016,0.0629,0.6219,0.1338,1.3046,0.0695
0.8944,0.0738,0.6978,0.1256,1.4853,0.0415
0.9393,0.0689,0.6476,0.175,1.6906,0.0788
0.8123,0.0771,0.6427,0.1569,1.7541,0.0503
0.8619,0.0536,0.6605,0.2159,1.3704,0.0567
0.9307,0.0825,0.6927,0.1517,1.3716,0.0635
1.0153,0.0899,0.6405,0.2277,1.5339,0.0646
0.8743,0.0792,0.6364,0.1317,1.3777,0.0531
0.9627,0.0775,0.6199,0.2919,1.2794,0.0703
0.9477,0.0815,0.6172,0.2905,1.4348,0.0781
0.9808,0.0693,0.6278,0.265,1.4366,0.0457
0.8658,0.0508,0.608,0.1146,1.6615,0.0512
0.9308,0.0844,0.6007,0.112,1.4736,0.064
0.8674,0.0558,0.6229,0.1636,1.3259,0.0758
0.943,0.0829,0.6449,0.124,1.5364,0.064
0.8181,0.0748,0.6562,0.1735,1.4417,0.0769
0.875,0.0635,0.6792,0.1505,1.7846,0.0731
0.9069,0.0805,0.6655,0.1012,1.5513,0.0762
1.0195,0.0728,0.6752,0.212,1.7492,0.0438
1.0352,0.0741,0.6866,0.2095,1.7548,0.0534
1.0394,0.0687,0.6964,0.1497,1.2595,0.0412
0.9432,0.0678,0.6255,0.2215,1.4763,0.0651
0.8714,0.0702,0.6144,0.261,1.6193,0.0751
0.8777,0.0849,0.6464,0.1166,1.685,0.0689
0.9575,0.0695,0.6311,0.1804,1.3098,0.0535
0.9721,0.0747,0.6817,0.1168,1.2153,0.0659
0.9192,0.0505,0.6012,0.2225,1.3983,0.0477
0.9909,0.0685,0.6614,0.2093,1.5083,0.0692
0.9177,0.0848,0.6688,0.1598,1.2677,0.043
1.0606,0.0719,0.6668,0.2267,1.2004,0.0489
1.0247,0.0578,0.6927,0.1725,1.5458,0.0593
1.0871,0.063,0.7156,0.1667,1.5605,0.069
1.0094,0.0791,0.6385,0.2124,1.3434,0.0437
1.0277,0.0721,0.7039,0.1642,1.2162,0.0728
0.9203,0.0715,0.6297,0.2143,1.5108,0.0512
0.9448,0.0803,0.7092,0.1404,1.2458,0.0574
1.0047,0.0622,0.6637,0.2111,1.2651,0.0465
1.0528,0.0703,0.6224,0.2426,1.4847,0.0405
0.9281,0.0548,0.6408,0.1023,1.287,0.0412
0.8737,0.0546,0.6739,0.1545,1.344,0.041
0.9882,0.0782,0.7078,0.1428,1.2291,0.063
0.8385,0.0652,0.6409,0.264,1.7572,0.0503
0.8929,0.0506,0.6774,0.1858,1.3572,0.0773
0.8826,0.0534,0.6003,0.2722,1.6445,0.0479
0.8204,0.0576,0.6188,0.2671,1.4728,0.0764
1.0029,0.0793,0.6394,0.1568,1.5267,0.0654
1.0232,0.0601,0.6235,0.1591,1.4979,0.0555
0.9171,0.0745,0.6215,0.2559,1.7192,0.0503
0.8323,0.0716,0.6218,0.17,1.3203,0.055
0.9306,0.0537,0.6375,0.2305,1.616,0.0693
0.9136,0.0546,0.6373,0.1928,1.7557,0.0669
0.9102,0.0681,0.6879,0.1517,1.7442,0.0772
0.9724,0.0566,0.6127,0.2227,1.4326,0.0549
1.005,0.0533,0.6373,0.2949,1.2227,0.0674
0.9905,0.0788,0.6027,0.1541,1.229,0.0439
0.8815,0.0578,0.675,0.1423,1.3289,0.0546
0.8616,0.0514,0.6255,0.2738,1.7525,0.0615
1.0206,0.0897,0.6078,0.1055,1.5828,0.079
0.9904,0.0801,0.6502,0.1351,1.4804,0.0625
0.8851,0.0733,0.7125,0.186,1.5973,0.0707
1.0262,0.0827,0.6317,0.1452,1.6597,0.0459
0.9566,0.0551,0.6243,0.2617,1.5782,0.0462
0.8436,0.0786,0.683,0.1578,1.7199,0.0755
0.8679,0.0846,0.6674,0.1994,1.5413,0.0633
0.8043,0.066,0.6208,0.1208,1.7634,0.0638
1.0909,0.0854,0.637,0.2195,1.488,0.0624
0.95,0.0854,0.6125,0.2612,1.6683,0.0452
0.9013,0.054,0.6401,0.1936,1.4025,0.0576
0.8122,0.0606,0.6981,0.1392,1.2326,0.0751
0.885,0.0631,0.6118,0.1959,1.4305,0.0735
0.8007,0.0723,0.6406,0.1182,1.7627,0.0796
0.917,0.0527,0.617,0.2138,1.5844,0.0489
0.8263,0.0608,0.6167,0.2185,1.6311,0.0681
0.8111,0.0593,0.6577,0.1861,1.4736,0.0471
0.8375,0.0507,0.6963,0.2188,1.487,0.0519
0.831,0.0523,0.6303,0.2157,1.3664,0.0764
1.0285,0.0675,0.7031,0.1202,1.6939,0.0602
0.9605,0.065,0.619,0.1218,1.7678,0.0614
0.9906,0.0683,0.6159,0.1121,1.3028,0.0406
0.9172,0.0893,0.67,0.1254,1.2999,0.0796
1.0867,0.0592,0.7139,0.1436,1.6049,0.0771
0.8684,0.0774,0.6242,0.1586,1.2666,0.0679
0.9862,0.0518,0.6934,0.1914,1.2174,0.0578
0.8511,0.0596,0.611,0.2408,1.6996,0.0503
0.8779,0.0665,0.6269,0.211,1.7972,0.0576
1.0907,0.0736,0.6306,0.1893,1.5616,0.0429
0.9032,0.0632,0.6725,0.179,1.2245,0.0614
0.8475,0.0565,0.677,0.1826,1.7613,0.0645
0.9334,0.0776,0.6064,0.1149,1.5021,0.074
0.847,0.0604,0.6847,0.1384,1.2569,0.0533
1.0661,0.0632,0.6112,0.2029,1.3444,0.0685
1.0242,0.0573,0.6183,0.1821,1.7935,0.0694
0.8506,0.0804,0.6397,0.1812,1.3874,0.0416
0.8026,0.0767,0.6926,0.1972,1.3805,0.0496
1.028,0.0544,0.6884,0.2172,1.2616,0.0785
1.0258,0.0804,0.6484,0.2056,1.2162,0.0615
1.0002,0.0867,0.6151,0.1044,1.4792,0.0411
1.0274,0.0502,0.7032,0.102,1.6944,0.0465
0.8575,0.0586,0.6683,0.2552,1.407,0.0672
0.9856,0.056,0.6372,0.1131,1.5399,0.041
1.0361,0.0714,0.6973,0.1773,1.4615,0.0439
0.8296,0.0704,0.6312,0.1909,1.2248,0.0486
0.8051,0.0818,0.6888,0.1191,1.4323,0.0717
0.8248,0.0895,0.6249,0.1325,1.2024,0.0487
0.8763,0.0657,0.6174,0.1646,1.2996,0.0652
0.9158,0.0655,0.6741,0.1602,1.4127,0.0687
1.0197,0.0671,0.6168,0.1825,1.3907,0.0724
1.0601,0.0518,0.7049,0.1847,1.6874,0.0578
0.9215,0.0682,0.6981,0.1232,1.2818,0.0768
0.9052,0.0788,0.6211,0.1048,1.3128,0.0694
1.048,0.0837,0.6116,0.1065,1.3246,0.0797
0.9394,0.0834,0.6721,0.1132,1.4817,0.0653
1.0727,0.0687,0.7159,0.1002,1.5723,0.0436
0.9204,0.073,0.6978,0.1759,1.4448,0.0484
1.0939,0.0749,0.6388,0.2445,1.7557,0.0689
1.0018,0.0807,0.6907,0.1284,1.4208,0.0434
1.0656,0.0829,0.6107,0.1397,1.6904,0.0601
0.8782,0.0735,0.6645,0.188,1.2016,0.0575
0.8081,0.0534,0.6532,0.2352,1.3793,0.0487
0.834,0.0692,0.6391,0.2143,1.6871,0.0735
1.0176,0.0541,0.602,0.1409,1.3129,0.0772
0.8874,0.0727,0.62,0.1036,1.3122,0.0669
0.8094,0.0819,0.6688,0.16,1.4617,0.0402
0.8941,0.0509,0.6429,0.2014,1.3402,0.0682
0.9817,0.0566,0.6694,0.1273,1.472,0.0516
1.0804,0.0644,0.6519,0.2388,1.4393,0.058
0.9285,0.0597,0.6444,0.2003,1.4912,0.0692
0.8227,0.0867,0.6641,0.1612,1.5358,0.0562
1.0628,0.0728,0.667,0.1355,1.5649,0.0531
0.8798,0.0745,0.629,0.2537,1.6878,0.0725
0.91,0.0697,0.7031,0.1292,1.4192,0.0658
1.0668,0.0873,0.658,0.2112,1.251,0.0488
0.9036,0.0842,0.6477,0.1182,1.6013,0.0494
0.9269,0.0579,0.6456,0.2518,1.2334,0.0787
0.8488,0.0691,0.635,0.2094,1.7598,0.0454
0.8857,0.0679,0.6436,0.2346,1.6973,0.0471
1.096,0.0891,0.6148,0.1192,1.4267,0.0524
1.0941,0.0651,0.7035,0.1352,1.2815,0.052
0.8835,0.0794,0.6873,0.1046,1.6735,0.0404
0.9018,0.0664,0.6282,0.2126,1.4273,0.0595
1.0815,0.0731,0.613,0.2237,1.3362,0.0701
0.856,0.0896,0.6164,0.2439,1.262,0.0656
0.8456,0.0774,0.6805,0.114,1.2513,0.0633
0.8179,0.0805,0.6441,0.2412,1.6057,0.0583
0.8085,0.0711,0.609,0.121,1.5101,0.0585
1.0184,0.0808,0.6918,0.131,1.6792,0.0601
0.9026,0.0832,0.6055,0.2575,1.2903,0.0708
0.9199,0.0525,0.6956,0.2112,1.6528,0.074
0.8837,0.08,0.6545,0.1467,1.2905,0.0728
0.969,0.0672,0.6953,0.2284,1.677,0.0783
0.827,0.0844,0.6712,0.1016,1.4732,0.061
0.9872,0.0873,0.7188,0.1404,1.3342,0.0786
1.0929,0.0541,0.6765,0.1899,1.6465,0.0458
1.0686,0.0887,0.647,0.1311,1.5896,0.0432
1.0164,0.0703,0.6025,0.1511,1.3735,0.0597
0.8059,0.0692,0.6646,0.177,1.2455,0.0643
1.079,0.0766,0.647,0.1437,1.785,0.0663
1.0044,0.0807,0.6109,0.2513,1.6876,0.0414
0.9266,0.0526,0.62,0.2763,1.6628,0.0729
0.909,0.0731,0.6085,0.2841,1.6681,0.0764
0.8625,0.0872,0.6366,0.1522,1.5426,0.0467
1.0316,0.0889,0.6719,0.1194,1.4953,0.0415
0.8848,0.0564,0.7148,0.1623,1.5887,0.0622
0.9022,0.0615,0.6837,0.1484,1.3164,0.0448
0.9699,0.0686,0.6059,0.1266,1.4463,0.047
1.0729,0.0552,0.7017,0.1245,1.3432,0.0766
1.0112,0.061,0.6244,0.257,1.5157,0.073
0.9672,0.0604,0.6359,0.1659,1.2125,0.0782
0.8876,0.0607,0.69,0.1038,1.6659,0.0768
0.8766,0.0653,0.6013,0.169,1.4799,0.058
1.0133,0.0675,0.6008,0.2862,1.7619,0.0564
0.8946,0.0776,0.6847,0.1777,1.291,0.0549
0.8842,0.0764,0.6005,0.1681,1.271,0.0751
0.8599,0.0705,0.6069,0.1243,1.3405,0.0407
1.0742,0.0593,0.6318,0.2292,1.593,0.0627
0.9581,0.0749,0.6549,0.1643,1.6955,0.0421
0.9554,0.0744,0.6188,0.241,1.6799,0.0438
0.8774,0.0827,0.6702,0.1115,1.4806,0.0528
0.8462,0.0536,0.6597,0.1995,1.6911,0.0549
0.966,0.0632,0.638,0.1985,1.6762,0.043
0.955,0.0774,0.6845,0.2065,1.5711,0.0642
1.0923,0.0744,0.6507,0.219,1.4367,0.0766
0.8161,0.0546,0.7086,0.2042,1.6844,0.0664
0.9193,0.0812,0.6141,0.1641,1.5698,0.0755
0.8265,0.0683,0.6193,0.1425,1.2507,0.0542
0.9579,0.0705,0.6843,0.2086,1.4098,0.0483
1.0193,0.064,0.6195,0.2472,1.5526,0.0543
0.8531,0.0847,0.6592,0.1827,1.5293,0.0512
0.8319,0.0672,0.6068,0.2141,1.2745,0.0643
0.8294,0.0605,0.6683,0.1483,1.7036,0.0444
1.0756,0.0772,0.7146,0.174,1.2065,0.0654
0.8476,0.0519,0.6129,0.2335,1.5901,0.0604
1.09,0.0539,0.6194,0.1742,1.569,0.0581
1.0128,0.0695,0.687,0.2111,1.5577,0.0725
1.0513,0.0542,0.6312,0.2747,1.532,0.0695
1.0179,0.0752,0.6374,0.1113,1.5596,0.0518
0.9152,0.0671,0.6857,0.1076,1.7002,0.0513
1.0957,0.055,0.6541,0.2309,1.2184,0.0766
0.9747,0.0616,0.6749,0.2495,1.688,0.0691
0.8166,0.0743,0.6754,0.2348,1.4131,0.078
0.9178,0.0891,0.6181,0.1394,1.3027,0.0478
0.9345,0.0587,0.6091,0.2144,1.5201,0.0513
0.8667,0.0852,0.7001,0.1071,1.4972,0.0782
1.0757,0.0878,0.6081,0.2522,1.2368,0.0669
0.9327,0.0756,0.6521,0.1336,1.6896,0.0635
1.0769,0.0787,0.6399,0.1662,1.7454,0.0793
0.9784,0.0769,0.6364,0.1387,1.694,0.0709
0.9762,0.0724,0.6362,0.2506,1.5345,0.054
0.8232,0.0687,0.7181,0.1096,1.4773,0.0599
0.9055,0.0893,0.6998,0.1483,1.5699,0.0691
1.098,0.0714,0.7177,0.1057,1.6608,0.0644
0.9085,0.0584,0.606,0.136,1.5884,0.0447
0.9884,0.0734,0.6197,0.2116,1.4315,0.0704
0.9716,0.0877,0.6246,0.1536,1.4307,0.0688
0.8628,0.0688,0.71,0.1036,1.263,0.0518
1.0595,0.0615,0.6922,0.1739,1.714,0.0515
0.89,0.0582,0.6716,0.2369,1.6697,0.0743
1.0668,0.0714,0.7047,0.2047,1.2964,0.0691
1.0646,0.0796,0.66,0.1359,1.3368,0.0745
0.8981,0.0823,0.6551,0.1483,1.3614,0.0744
1.0772,0.0577,0.6282,0.2652,1.5284,0.0669
0.8989,0.083,0.6542,0.1865,1.3872,0.0646
0.8033,0.0728,0.7075,0.1353,1.6694,0.0489
0.9469,0.0517,0.6748,0.1162,1.4555,0.0573
0.9097,0.0587,0.7081,0.1689,1.5642,0.0496
0.905,0.084,0.6122,0.2073,1.3782,0.0448
0.8872,0.0586,0.6505,0.2085,1.5154,0.0759
0.9385,0.0794,0.6066,0.2033,1.7194,0.0655
1.0759,0.072,0.6477,0.2407,1.5467,0.0516
0.9509,0.0784,0.6973,0.1364,1.3483,0.0691
1.034,0.0883,0.6939,0.1501,1.2926,0.0565
0.9516,0.0746,0.7045,0.206,1.7262,0.0706
0.904,0.0742,0.6487,0.2528,1.7391,0.0778
1.019,0.0897,0.6091,0.2526,1.7005,0.0479
0.9324,0.0811,0.654,0.2389,1.2256,0.0678
0.8938,0.0797,0.6204,0.1953,1.2854,0.0567
0.9156,0.0706,0.6989,0.2032,1.4893,0.057
0.9801,0.0894,0.6187,0.2663,1.2601,0.0621
0.945,0.0609,0.6318,0.1901,1.7835,0.0793
0.8513,0.0806,0.6359,0.2198,1.4481,0.0508
1.0712,0.0675,0.627,0.1621,1.359,0.0788
1.0333,0.0699,0.6788,0.1837,1.5506,0.0708
0.8755,0.0771,0.6729,0.134,1.6233,0.0618
0.881,0.0603,0.681,0.2182,1.5622,0.0447
0.9816,0.0569,0.6785,0.2255,1.6213,0.0551
0.9319,0.0662,0.6407,0.2631,1.3551,0.0652
0.9775,0.0816,0.6048,0.2735,1.3238,0.0621
1.0542,0.0874,0.6354,0.2332,1.6503,0.0445
0.9277,0.0764,0.6133,0.1334,1.7278,0.0454
0.9471,0.0679,0.6748,0.106,1.374,0.0415
0.9307,0.0655,0.6483,0.1077,1.2536,0.06
0.8866,0.0856,0.6474,0.1518,1.3903,0.0705
0.9936,0.0534,0.6104,0.1421,1.4688,0.0475
0.8146,0.055,0.6298,0.2147,1.5212,0.0781
1.0167,0.0724,0.657,0.2172,1.628,0.0597
0.9791,0.0544,0.6043,0.1898,1.5294,0.0629
0.806,0.0621,0.6008,0.1659,1.215,0.0786
0.8696,0.0837,0.688,0.1996,1.5197,0.0753
0.9943,0.0751,0.631,0.237,1.5265,0.0705
1.0703,0.0649,0.7095,0.1367,1.5815,0.0568
0.9801,0.0766,0.6307,0.2858,1.235,0.0762
0.8827,0.0882,0.6211,0.1516,1.2057,0.0745
0.8436,0.0501,0.6178,0.1475,1.7132,0.0417
0.98,0.0808,0.6069,0.224,1.7018,0.061
0.9898,0.064,0.6261,0.2835,1.6697,0.0732
1.0022,0.0811,0.6737,0.1277,1.4791,0.0582
0.8624,0.0746,0.6225,0.2376,1.2161,0.0769
0.8515,0.079,0.7012,0.1724,1.4218,0.0638
0.9097,0.0839,0.6037,0.2149,1.3021,0.0761
0.8256,0.0663,0.6244,0.1427,1.5604,0.0715
0.9694,0.0549,0.718,0.1296,1.2061,0.0641
0.8246,0.0821,0.6812,0.224,1.2338,0.0721
1.048,0.0772,0.6125,0.2209,1.4248,0.0424
0.9663,0.0541,0.6683,0.1681,1.7925,0.0476
0.8467,0.0631,0.6356,0.2799,1.2567,0.0675
0.8643,0.0535,0.6337,0.1009,1.7725,0.0599
0.9621,0.0656,0.6216,0.1891,1.7104,0.0623
0.8894,0.086,0.6173,0.2495,1.2962,0.0713
0.9173,0.0707,0.6379,0.1168,1.6336,0.0413
1.0416,0.0564,0.6677,0.1186,1.735,0.0408
0.8755,0.0865,0.6646,0.1398,1.2121,0.0509
0.9082,0.0618,0.639,0.1444,1.3087,0.0426
1.0323,0.082,0.6381,0.2251,1.6983,0.063
1.0387,0.0555,0.6152,0.2393,1.5069,0.0545
0.8817,0.0542,0.6088,0.1279,1.3497,0.0762
0.9448,0.0618,0.7019,0.1753,1.4081,0.0689
0.9383,0.0548,0.6418,0.2072,1.6113,0.0716
0.903,0.0631,0.6105,0.2084,1.7483,0.0552
0.9195,0.0672,0.6271,0.1365,1.6841,0.054
0.9951,0.0545,0.7099,0.1611,1.6211,0.0722
0.852,0.0863,0.647,0.2019,1.2461,0.0408
0.8124,0.0646,0.6081,0.2613,1.5309,0.048
1.0045,0.0571,0.7103,0.1236,1.6163,0.0741
0.8853,0.0564,0.7059,0.1657,1.6111,0.0439
0.8113,0.071,0.648,0.2433,1.6566,0.0798
0.8732,0.0622,0.6394,0.2426,1.3482,0.0753
0.8694,0.063,0.716,0.1376,1.7191,0.0687
0.8093,0.0785,0.6043,0.28,1.2881,0.0589
0.998,0.0566,0.6882,0.194,1.478,0.0494
0.9742,0.088,0.6445,0.187,1.6392,0.0523
0.9871,0.0538,0.7047,0.1936,1.3476,0.0791
0.8173,0.0799,0.6987,0.1215,1.5041,0.067
1.0421,0.0577,0.6002,0.1371,1.3824,0.0554
0.92,0.0644,0.6059,0.2411,1.3764,0.0634
0.9232,0.0662,0.7118,0.1155,1.515,0.073
0.9411,0.0596,0.6754,0.1022,1.6858,0.0402
0.91,0.0763,0.6865,0.1727,1.7754,0.0495
1.0519,0.0629,0.6013,0.2216,1.4954,0.0476
0.9504,0.0538,0.6616,0.1774,1.664,0.0676
0.9661,0.0674,0.6383,0.2553,1.7765,0.0452
0.9676,0.0798,0.6785,0.1259,1.248,0.0705
0.985,0.0785,0.6019,0.1462,1.4598,0.0725
0.8558,0.06,0.6402,0.2483,1.6524,0.0633
0.9223,0.0733,0.6166,0.2163,1.591,0.0553
0.9653,0.0802,0.7176,0.1907,1.5968,0.075
1.0313,0.0709,0.7055,0.1011,1.2304,0.0708
1.0439,0.0607,0.6227,0.2821,1.468,0.0662
1.0106,0.0712,0.617,0.2413,1.7627,0.046
1.0399,0.0878,0.6087,0.1816,1.3774,0.0613
0.8332,0.0763,0.7017,0.1314,1.6601,0.0423
0.8413,0.0866,0.6351,0.1654,1.4435,0.0748
0.9935,0.0626,0.6529,0.2322,1.3813,0.0433
0.874,0.0524,0.6536,0.2653,1.3884,0.0579
1.0556,0.0546,0.7022,0.2008,1.6873,0.07
0.892,0.0637,0.6447,0.2483,1.3521,0.054
0.8544,0.0886,0.6525,0.1499,1.243,0.0527
0.8177,0.0688,0.7011,0.1044,1.3585,0.0536
0.8414,0.0609,0.6727,0.1626,1.6521,0.0505
0.9005,0.0659,0.7061,0.1494,1.5962,0.0654
0.8522,0.0695,0.6526,0.1697,1.4269,0.0724
0.9413,0.0846,0.601,0.1809,1.4836,0.0674
0.8468,0.0702,0.6577,0.1392,1.5874,0.0455
0.9078,0.0815,0.6829,0.1461,1.3308,0.0621
1.083,0.0527,0.6229,0.1532,1.4535,0.0567
1.0666,0.0688,0.6635,0.1125,1.4821,0.05
0.9067,0.0668,0.7036,0.1441,1.2003,0.0639
0.8684,0.07,0.6167,0.1829,1.4428,0.0716
1.0749,0.0602,0.7108,0.1916,1.4994,0.0592
1.0185,0.0821,0.7163,0.1683,1.7113,0.0515
0.8641,0.0674,0.7095,0.1867,1.626,0.0702
1.0564,0.0683,0.6575,0.2044,1.7301,0.0411
1.071,0.0681,0.6575,0.1853,1.6558,0.0788
0.8292,0.059,0.6326,0.1672,1.4187,0.0553
0.8174,0.0515,0.6993,0.2149,1.2421,0.0613
1.0817,0.0538,0.6123,0.2431,1.3164,0.0748
0.835,0.0548,0.643,0.1884,1.5871,0.0689
0.9669,0.0892,0.6398,0.1158,1.7272,0.0447
1.0163,0.0563,0.6035,0.2373,1.7111,0.0622
1.0771,0.0595,0.6608,0.2295,1.6903,0.0461
0.8213,0.0601,0.6032,0.1045,1.4156,0.0402
1.0775,0.0836,0.6732,0.131,1.4896,0.0401
0.8824,0.0687,0.6128,0.1346,1.5678,0.042
1.052,0.0862,0.6786,0.1486,1.3291,0.0551
0.8756,0.0611,0.6223,0.2806,1.5759,0.05
1.0468,0.058,0.6093,0.1317,1.3753,0.044
0.955,0.0571,0.6416,0.2392,1.7988,0.0793
0.9944,0.0578,0.6955,0.1266,1.6708,0.0721
0.933,0.0565,0.6175,0.2481,1.6673,0.0757
1.0679,0.0582,0.6032,0.1559,1.2653,0.0709
1.0122,0.0713,0.6218,0.2399,1.7213,0.0524
0.8005,0.077,0.6206,0.2336,1.6126,0.0434
0.9841,0.071,0.6081,0.1427,1.5973,0.0674
0.8607,0.0845,0.6105,0.1351,1.4409,0.0617
0.9628,0.0719,0.6288,0.1017,1.407,0.0636
0.8352,0.0582,0.6874,0.212,1.5196,0.0543
0.9597,0.086,0.634,0.1707,1.3681,0.0508
0.9063,0.0857,0.6852,0.2019,1.3702,0.0662
0.8822,0.054,0.6899,0.1769,1.4097,0.0739
0.916,0.0544,0.6023,0.1906,1.794,0.043
0.9904,0.0849,0.6793,0.1905,1.5359,0.0749
0.9984,0.0792,0.6865,0.152,1.4278,0.0767
1.0727,0.0832,0.653,0.1464,1.3535,0.0409
0.9649,0.0805,0.6809,0.2099,1.7717,0.0779
0.8598,0.081,0.6256,0.2286,1.3244,0.0674
1.0981,0.0612,0.6929,0.1708,1.2132,0.0777
0.9775,0.0834,0.7049,0.1501,1.3644,0.0482
1.021,0.0611,0.6381,0.1216,1.4488,0.0741
0.8897,0.0767,0.626,0.1453,1.707,0.0707
1.0348,0.0594,0.681,0.1733,1.3666,0.0762
0.894,0.0811,0.626,0.1262,1.6294,0.0616
1.069,0.0605,0.6183,0.2235,1.6172,0.0401
0.8573,0.0508,0.6196,0.1471,1.7728,0.068
0.8186,0.0844,0.6297,0.2498,1.5401,0.0447
1.0541,0.0794,0.676,0.1574,1.3938,0.0747
0.9759,0.0643,0.6205,0.117,1.296,0.0777
1.0482,0.0615,0.6543,0.1912,1.5172,0.046
0.9734,0.0805,0.6586,0.1844,1.7779,0.079
1.0557,0.0676,0.6728,0.1233,1.2363,0.0429
0.8389,0.075,0.6523,0.1162,1.7646,0.058
0.817,0.05,0.6979,0.1935,1.2204,0.06
0.9043,0.0799,0.6633,0.184,1.3052,0.0506
0.9206,0.0821,0.7012,0.1167,1.2388,0.0518
0.8478,0.055,0.6367,0.1474,1.7005,0.0796
0.8807,0.0709,0.68,0.1871,1.7266,0.0709
0.8539,0.0575,0.714,0.1108,1.2441,0.0416
1.0205,0.0677,0.6438,0.217,1.5631,0.0728
1.0655,0.0708,0.6109,0.2532,1.7717,0.0694
1.074,0.062,0.6326,0.1967,1.342,0.0725
0.9919,0.0744,0.6482,0.1403,1.2671,0.0446
1.0297,0.0798,0.7073,0.1666,1.4519,0.0657
0.8705,0.0526,0.6065,0.1487,1.2256,0.0598
0.906,0.071,0.6305,0.1376,1.7697,0.0782
0.807,0.077,0.6861,0.1575,1.7486,0.043
0.9511,0.0624,0.695,0.1041,1.7733,0.073
1.061,0.0647,0.6332,0.118,1.441,0.068
1.0373,0.0852,0.6904,0.1198,1.2773,0.0751
0.8695,0.0882,0.6834,0.1251,1.2929,0.0683
1.013,0.0788,0.6239,0.1109,1.4373,0.074
0.9234,0.0501,0.7027,0.1071,1.318,0.064
0.8494,0.0593,0.6132,0.2491,1.3218,0.0782
0.9771,0.0738,0.6073,0.2319,1.2352,0.0413
0.8998,0.0864,0.6969,0.1188,1.3476,0.0575
0.8038,0.0873,0.6398,0.2386,1.5705,0.0583
0.9449,0.0762,0.6579,0.1395,1.4033,0.0463
0.9653,0.0503,0.6007,0.1663,1.619,0.0742
1.0469,0.0572,0.6345,0.1357,1.7083,0.0611
0.9129,0.0505,0.6325,0.2524,1.3696,0.0766
0.9382,0.0877,0.6019,0.1897,1.2156,0.0674
0.9213,0.0595,0.6508,0.2302,1.3205,0.0511
0.8186,0.0525,0.6628,0.2429,1.3498,0.0779
0.9432,0.0717,0.6914,0.1953,1.3074,0.0619
0.9398,0.0624,0.6981,0.1443,1.7803,0.0436
1.0033,0.0647,0.6146,0.1004,1.7167,0.0648
0.9233,0.0613,0.7198,0.1201,1.3017,0.0565
1.0885,0.0595,0.6436,0.1704,1.6947,0.064
0.8362,0.0863,0.707,0.1015,1.7547,0.0622
0.8346,0.0753,0.6955,0.1896,1.3341,0.0524
1.0602,0.0758,0.6941,0.1572,1.3137,0.0608
0.995,0.0669,0.6089,0.1974,1.6302,0.0735
1.0722,0.0616,0.6274,0.1984,1.762,0.0747
0.8523,0.0665,0.6287,0.1817,1.3125,0.0693
0.9475,0.0579,0.651,0.2591,1.5944,0.061
1,0.0828,0.628,0.2298,1.4967,0.0653
1.0075,0.058,0.6327,0.2011,1.2766,0.062
0.9517,0.0711,0.6703,0.1811,1.3001,0.0421
0.8035,0.0822,0.6556,0.1185,1.2195,0.0765
0.825,0.0765,0.641,0.1763,1.6577,0.07
1.0996,0.0775,0.6301,0.2634,1.2539,0.0528
0.925,0.0818,0.6413,0.1745,1.348,0.0403
0.8432,0.0667,0.6684,0.1028,1.4474,0.0763
1.0898,0.0565,0.6062,0.1996,1.7873,0.0555
1.065,0.0617,0.6652,0.1525,1.2669,0.0574
0.9311,0.0665,0.6408,0.192,1.6919,0.0558
0.8722,0.0869,0.7121,0.1355,1.566,0.0482
0.8304,0.087,0.643,0.1525,1.6097,0.0485
0.9415,0.0575,0.6742,0.2393,1.4374,0.0652
0.8399,0.0864,0.6716,0.2169,1.5604,0.0706
0.8886,0.0624,0.6902,0.1959,1.3451,0.0593
0.8062,0.0749,0.6432,0.1859,1.2089,0.0602
0.805,0.0594,0.6818,0.1718,1.3317,0.0669
1.0033,0.0836,0.6565,0.2219,1.5651,0.0517
1.0697,0.0693,0.6858,0.2212,1.7994,0.0657
1.0269,0.0713,0.6384,0.105,1.6791,0.0743
1.0335,0.0608,0.6928,0.2339,1.7664,0.0738
1.0198,0.0596,0.6176,0.2507,1.2695,0.0435
0.8253,0.0786,0.6739,0.1612,1.5658,0.0539
1.0119,0.0776,0.6333,0.1008,1.3761,0.0485
1.0589,0.0762,0.6253,0.1376,1.571,0.0573
0.9932,0.0627,0.6254,0.1571,1.5245,0.0644
0.8584,0.0695,0.6239,0.2421,1.3767,0.0427
1.0583,0.0782,0.6021,0.1377,1.6679,0.0425
0.9238,0.0853,0.6898,0.1353,1.2117,0.0707
0.9091,0.0826,0.653,0.1862,1.7134,0.0669
0.9181,0.0872,0.6494,0.239,1.3312,0.0708
1.0342,0.0865,0.6824,0.1941,1.3264,0.0647
1.028,0.0766,0.6222,0.2288,1.429,0.0551
1.0467,0.0612,0.6517,0.201,1.3041,0.0624
1.0816,0.0632,0.6905,0.1068,1.2184,0.0712
0.9865,0.0889,0.6223,0.1335,1.662,0.0469
1.0124,0.0776,0.6228,0.1401,1.492,0.0426
0.9345,0.0638,0.6948,0.205,1.2658,0.0781
1.0659,0.0584,0.6315,0.2435,1.4615,0.0426
0.8287,0.0569,0.6142,0.2114,1.5482,0.0419
0.9638,0.0511,0.6229,0.1676,1.5985,0.0521
0.9811,0.0806,0.7102,0.1278,1.5323,0.0778
0.9715,0.0641,0.6333,0.2333,1.2501,0.0514
1.0873,0.0505,0.7124,0.1298,1.4397,0.0732
1.0402,0.0889,0.7159,0.1625,1.7595,0.0674
0.8215,0.0829,0.6304,0.2269,1.6459,0.0502
0.8252,0.0561,0.7144,0.1508,1.5047,0.0732
1.0818,0.0592,0.6792,0.1098,1.5427,0.0582
0.9472,0.0699,0.6503,0.2032,1.7414,0.0438
0.814,0.0797,0.6591,0.2551,1.3544,0.0779
0.9006,0.0773,0.6145,0.2603,1.6963,0.0554
1.0374,0.071,0.639,0.2011,1.2079,0.056
1.038,0.0803,0.603,0.1713,1.4413,0.0494
1.0734,0.0507,0.6534,0.1051,1.7524,0.0473
0.8279,0.0554,0.6252,0.1169,1.7808,0.0589
1.0309,0.0593,0.6314,0.2768,1.3463,0.0643
1.0357,0.0686,0.6803,0.1871,1.3642,0.0539
1.0708,0.0814,0.6532,0.2063,1.469,0.0783
0.9796,0.0541,0.6854,0.1458,1.7633,0.0661
1.087,0.0562,0.6272,0.1361,1.5715,0.0677
1.07,0.0834,0.6663,0.1052,1.2875,0.066
0.8203,0.0501,0.6241,0.192,1.4761,0.0684
1.0436,0.0585,0.6286,0.1914,1.7782,0.0546
0.8568,0.0796,0.6477,0.1974,1.7046,0.0687
1.062,0.0575,0.6877,0.151,1.7824,0.0562
1.0791,0.0878,0.7088,0.1076,1.2045,0.0538
0.8238,0.0582,0.6257,0.1408,1.5015,0.0694
0.8582,0.0548,0.6993,0.1282,1.3031,0.0755
1.0508,0.0637,0.6427,0.1209,1.4484,0.0521
1.003,0.0575,0.6859,0.1128,1.5442,0.047
1.0738,0.0852,0.6292,0.1163,1.2644,0.0506
1.0356,0.088,0.6407,0.2688,1.6159,0.0796
1.0141,0.0878,0.6126,0.1697,1.758,0.0633
0.9779,0.0521,0.6784,0.2187,1.3375,0.0504
0.8595,0.0711,0.6612,0.1132,1.6031,0.0654
0.9567,0.0534,0.6988,0.1037,1.2747,0.0608
0.8012,0.0733,0.6075,0.1947,1.3658,0.0467
0.8135,0.0711,0.6172,0.2655,1.6733,0.0637
1.0824,0.052,0.6695,0.2196,1.6591,0.0656
0.8378,0.0731,0.6514,0.1775,1.7603,0.0496
1.013,0.0627,0.6104,0.1543,1.6989,0.0675
0.967,0.0799,0.605,0.2634,1.7561,0.0473
0.837,0.0753,0.6536,0.1749,1.5332,0.0631
1.0953,0.0655,0.6053,0.1947,1.222,0.0687
0.953,0.0751,0.6128,0.2302,1.2549,0.0501
0.863,0.0606,0.6672,0.2254,1.6117,0.0538
0.8927,0.0854,0.6372,0.1874,1.3172,0.0439
0.8043,0.0604,0.6523,0.1293,1.7501,0.0728
0.9329,0.0506,0.719,0.1615,1.2553,0.0556
0.9684,0.0587,0.6084,0.2058,1.4594,0.0533
1.0877,0.0657,0.6115,0.2348,1.3876,0.0679
0.8821,0.06,0.6919,0.131,1.2466,0.0568
0.8906,0.0704,0.6287,0.1488,1.4831,0.0486
0.8876,0.0794,0.6309,0.2327,1.4696,0.0525
0.8281,0.0534,0.6676,0.1958,1.3147,0.0718
0.8086,0.0642,0.6773,0.1744,1.5086,0.0412
1.0914,0.0556,0.6971,0.2213,1.5701,0.0587
0.8861,0.0868,0.6037,0.2127,1.4574,0.069
0.8528,0.0624,0.6277,0.2779,1.7247,0.079
0.8149,0.0515,0.6479,0.2929,1.3584,0.0749
0.8184,0.0608,0.6359,0.1527,1.3427,0.0636
1.0906,0.0811,0.631,0.1211,1.3591,0.0682
0.8056,0.0793,0.6231,0.2148,1.3993,0.0749
1.0525,0.0669,0.6565,0.14,1.5257,0.0479
1.0741,0.0752,0.6271,0.1476,1.5836,0.0725
0.9574,0.0609,0.6806,0.11,1.2186,0.0689
0.8692,0.0654,0.717,0.1451,1.2936,0.043
0.8737,0.0674,0.6542,0.2469,1.2854,0.0531
1.0336,0.0547,0.6181,0.2353,1.2757,0.0436
1.0982,0.0625,0.6142,0.2167,1.625,0.0524
0.8647,0.0856,0.7054,0.1171,1.7575,0.0443
0.9366,0.0806,0.6789,0.1133,1.352,0.0556
1.0376,0.0539,0.6499,0.2053,1.6447,0.056
0.9064,0.053,0.6708,0.2337,1.5187,0.0654
0.9131,0.0606,0.6327,0.2088,1.5988,0.0591
0.8646,0.0696,0.6904,0.1318,1.7943,0.0666
0.8655,0.0775,0.6535,0.1975,1.6492,0.0441
0.8641,0.0864,0.6181,0.238,1.5153,0.0557
1.036,0.0532,0.6387,0.2543,1.3691,0.0792
1.0988,0.0747,0.62,0.2558,1.7593,0.0555
0.9454,0.069,0.6114,0.19,1.4789,0.0564
1.0088,0.0503,0.6078,0.1621,1.29,0.0479
0.959,0.0651,0.6406,0.2169,1.6056,0.0472
0.9642,0.0756,0.674,0.1791,1.4927,0.0589
0.8902,0.086,0.6354,0.1368,1.3077,0.0798
1.0478,0.0689,0.6283,0.1066,1.6414,0.0493
0.9406,0.0561,0.6642,0.1974,1.7155,0.0536
0.9992,0.0645,0.6762,0.1473,1.5397,0.0653
0.9934,0.0876,0.6271,0.2007,1.5102,0.0616
0.865,0.0875,0.6466,0.1956,1.4479,0.0602
0.9877,0.068,0.6976,0.1388,1.2592,0.0476
0.8649,0.0701,0.6512,0.119,1.5975,0.0644
0.9966,0.0732,0.6009,0.2417,1.521,0.0569
0.8457,0.0568,0.6236,0.1173,1.2735,0.0731
0.919,0.0706,0.6378,0.1105,1.7357,0.0543
1.0532,0.0535,0.6161,0.1198,1.7684,0.0673
0.8935,0.0623,0.6411,0.1595,1.2382,0.0459
0.8957,0.0625,0.65,0.2455,1.5905,0.042
0.9153,0.0648,0.686,0.2285,1.4327,0.0776
0.8678,0.0869,0.6306,0.209,1.4089,0.0452
1.0149,0.0588,0.6377,0.1477,1.4209,0.0686
1.0894,0.051,0.6886,0.1306,1.5965,0.0721
1.0773,0.0681,0.635,0.28,1.2628,0.0639
1.0683,0.0639,0.6218,0.2024,1.5566,0.0746
1.0276,0.073,0.6772,0.2083,1.5418,0.0509
0.9514,0.0669,0.6962,0.1678,1.4188,0.0544
0.9223,0.0759,0.6194,0.1679,1.2329,0.0446
0.8683,0.0819,0.6001,0.1846,1.455,0.0456
1.046,0.0862,0.6452,0.1459,1.6088,0.0463
0.8445,0.0714,0.6158,0.1102,1.6638,0.0535
0.9309,0.0542,0.6304,0.2497,1.6473,0.0648
0.9083,0.0877,0.6158,0.1152,1.5335,0.062
0.876,0.0678,0.6095,0.242,1.6154,0.0469
1.0895,0.0515,0.6786,0.1631,1.4452,0.0527
0.9057,0.0743,0.6256,0.1141,1.2074,0.0747
1.0211,0.0539,0.6253,0.1564,1.6078,0.0627
0.9864,0.0598,0.6578,0.1956,1.2787,0.0561
1.0991,0.0654,0.6449,0.2086,1.3915,0.0794
0.9967,0.0634,0.6473,0.1684,1.6783,0.0729
0.9147,0.0777,0.7061,0.1917,1.4886,0.0565
0.8288,0.0827,0.6288,0.2664,1.5039,0.0713
1.0038,0.0657,0.672,0.1682,1.7062,0.0466
0.9314,0.0585,0.633,0.223,1.2105,0.0406
1.0549,0.0724,0.6465,0.1411,1.754,0.0611
0.8614,0.0668,0.6147,0.1099,1.7475,0.0428
0.9806,0.0869,0.6929,0.1509,1.5131,0.0652
0.8372,0.067,0.6863,0.1315,1.4616,0.0678
0.8275,0.0713,0.6671,0.2431,1.7701,0.0714
0.8361,0.0594,0.7163,0.2052,1.7258,0.062
1.0706,0.0647,0.6328,0.1331,1.6811,0.0575
0.9988,0.0567,0.6846,0.1393,1.7314,0.0659
0.8217,0.0836,0.6442,0.2373,1.5758,0.0792
0.9569,0.0742,0.6496,0.1083,1.2372,0.0478
0.8917,0.0741,0.613,0.1447,1.5695,0.0706
0.9048,0.0552,0.7026,0.2038,1.5471,0.0599
1.0133,0.0554,0.686,0.1552,1.285,0.0723
0.8735,0.0716,0.6469,0.1926,1.7958,0.0675
0.926,0.0738,0.7049,0.15,1.2519,0.0608
0.9501,0.0538,0.6375,0.2728,1.7991,0.0692
1.0389,0.0559,0.6825,0.141,1.6215,0.0489
0.9682,0.0842,0.6141,0.128,1.5446,0.0505
1.0271,0.0545,0.6658,0.1711,1.7353,0.0558
0.9106,0.0695,0.6873,0.1805,1.4211,0.0786
0.9309,0.084,0.6251,0.2596,1.6554,0.0734
1.0545,0.0874,0.6605,0.1344,1.3549,0.0772
0.8888,0.0742,0.6432,0.1646,1.7965,0.0427
0.948,0.088,0.6097,0.2731,1.2987,0.0746
0.9147,0.0564,0.6175,0.2123,1.7224,0.0569
0.8159,0.0712,0.7192,0.1837,1.7365,0.0731
0.8537,0.0632,0.6082,0.2518,1.7334,0.0502
1.0894,0.0854,0.6412,0.2423,1.3593,0.076
0.8692,0.0661,0.6205,0.2487,1.6406,0.0687
0.8561,0.0616,0.6439,0.2342,1.4208,0.0578
1.0547,0.0754,0.7164,0.1692,1.384,0.0665
0.8311,0.0548,0.6007,0.1086,1.5141,0.0527
1.0076,0.0524,0.618,0.1914,1.6349,0.0723
1.059,0.054,0.6221,0.2394,1.4235,0.074
0.9005,0.0649,0.6885,0.1598,1.3911,0.0663
1.0784,0.0807,0.6262,0.2415,1.7304,0.0436
0.8941,0.0511,0.6166,0.2988,1.7844,0.0602
0.8816,0.0643,0.7171,0.1681,1.6525,0.0471
1.0499,0.0674,0.6693,0.162,1.6587,0.0445
0.9531,0.073,0.69,0.1496,1.6212,0.0513
0.9679,0.0606,0.6067,0.2385,1.3471,0.0733
0.8437,0.0592,0.7142,0.146,1.7244,0.0768
0.946,0.0613,0.6087,0.1777,1.3796,0.0698
0.824,0.0581,0.6219,0.1095,1.3792,0.0694
0.9665,0.0765,0.6309,0.122,1.4717,0.0687
1.0071,0.0533,0.6045,0.2994,1.5842,0.0596
0.9226,0.0513,0.6615,0.1972,1.3222,0.0471
1.0667,0.0808,0.7132,0.1742,1.3872,0.0639
0.8813,0.0792,0.6325,0.2293,1.5455,0.0711
0.9561,0.083,0.619,0.2318,1.5932,0.0699
0.8792,0.0728,0.6936,0.1873,1.2837,0.0545
1.0812,0.0673,0.6845,0.1723,1.4145,0.0785
0.8091,0.0765,0.7127,0.1696,1.5334,0.041
0.9076,0.0551,0.6099,0.2707,1.6735,0.0564
0.8155,0.0697,0.6334,0.1276,1.435,0.0532
0.8799,0.0571,0.6879,0.1073,1.6405,0.0798
0.9814,0.0779,0.6011,0.2658,1.5749,0.0749
0.8125,0.0618,0.7135,0.1489,1.4786,0.059
1.0485,0.0552,0.6063,0.199,1.5184,0.0534
0.9072,0.0852,0.6399,0.2029,1.6664,0.0498
0.9421,0.089,0.7097,0.1014,1.6446,0.0746
0.8098,0.0553,0.616,0.2447,1.5517,0.0735
1.0317,0.076,0.7035,0.1646,1.4222,0.0753
1.0419,0.0522,0.7054,0.175,1.3176,0.0531
1.0425,0.05,0.6189,0.2272,1.482,0.0717
0.9738,0.0567,0.6131,0.1961,1.4146,0.0657
0.8347,0.0563,0.6978,0.1843,1.705,0.0632
0.9689,0.072,0.6228,0.2925,1.417,0.08
0.8749,0.068,0.645,0.1069,1.6738,0.0703
1.0937,0.0709,0.6511,0.172,1.5869,0.065
0.8243,0.0692,0.6528,0.2155,1.5044,0.073
0.8313,0.0678,0.649,0.1655,1.6369,0.0565
1.0367,0.0552,0.6282,0.2764,1.6999,0.058
0.9912,0.0622,0.6688,0.2381,1.2356,0.0719
0.9348,0.0551,0.6376,0.192,1.2273,0.0468
1.0693,0.056,0.6475,0.226,1.556,0.0629
1.0998,0.0803,0.6131,0.2504,1.7436,0.0483
0.9357,0.0544,0.6744,0.2311,1.5675,0.073
0.9108,0.0722,0.6206,0.2514,1.6922,0.0427
0.8596,0.054,0.7171,0.2149,1.4699,0.0778
0.9325,0.0539,0.6047,0.2413,1.4322,0.0495
0.9797,0.0773,0.6176,0.1759,1.4002,0.0705
0.9408,0.0721,0.642,0.1561,1.2555,0.0545
0.8681,0.086,0.7018,0.116,1.4233,0.0744
0.8796,0.0526,0.6393,0.1406,1.4769,0.058
0.9641,0.065,0.6795,0.1022,1.3566,0.0573
0.8658,0.0585,0.6927,0.1878,1.6954,0.0569
1.0014,0.0726,0.6365,0.1675,1.2988,0.0592
0.8486,0.0731,0.6288,0.1702,1.4322,0.0683
0.8077,0.0674,0.6707,0.1851,1.6637,0.0662
1.089,0.0814,0.6371,0.1892,1.2684,0.0747
0.9553,0.0823,0.6854,0.1847,1.3397,0.0762
1.0672,0.0562,0.7122,0.1765,1.5082,0.0465
0.8117,0.0831,0.712,0.1567,1.696,0.0417
0.9501,0.0804,0.6201,0.269,1.7513,0.0594
0.9125,0.0883,0.6583,0.1734,1.759,0.0497
0.8328,0.0671,0.6804,0.1961,1.2076,0.0407
1.0287,0.0542,0.6496,0.2303,1.6805,0.0523
0.9228,0.0793,0.6146,0.1473,1.5736,0.0491
0.8609,0.0799,0.6083,0.2333,1.3689,0.051
0.9894,0.0727,0.6778,0.2214,1.4645,0.072
1.0017,0.0675,0.6924,0.2207,1.3857,0.0609
0.9873,0.0772,0.6803,0.137,1.3554,0.0718
0.9989,0.0637,0.683,0.1594,1.5114,0.0731
1.0137,0.087,0.6044,0.179,1.234,0.0572
0.9298,0.0827,0.6639,0.1844,1.7997,0.0741
0.9881,0.0833,0.6644,0.2475,1.3718,0.0776
0.9316,0.0841,0.6244,0.2545,1.4835,0.0455
0.8945,0.0757,0.634,0.1585,1.7985,0.0586
1.0723,0.0899,0.6162,0.174,1.7164,0.0716
1.0761,0.05,0.6291,0.1209,1.6655,0.0457
0.9608,0.0836,0.6231,0.2329,1.211,0.0413
0.8392,0.0761,0.6505,0.2018,1.7823,0.0792
0.8034,0.0738,0.6467,0.1771,1.655,0.0643
0.8811,0.0541,0.6356,0.1779,1.482,0.0451
0.9263,0.0824,0.6272,0.1524,1.6008,0.0737
1.0858,0.0784,0.7077,0.1177,1.3871,0.0734
1.0603,0.0536,0.6258,0.1776,1.2204,0.0431
0.8542,0.0652,0.6437,0.2391,1.4093,0.0758
0.8298,0.0756,0.6702,0.1934,1.5488,0.0774
0.9511,0.0648,0.6198,0.1746,1.7236,0.0422
0.83,0.0625,0.6888,0.1151,1.5321,0.0477
1.0631,0.0782,0.6381,0.231,1.6121,0.0663
0.9375,0.0799,0.6798,0.1559,1.6862,0.0634
0.9793,0.0559,0.6245,0.2715,1.3188,0.0463
1.0534,0.0845,0.6996,0.1063,1.7742,0.0786
1.0357,0.0502,0.6575,0.1503,1.4867,0.0526
0.9138,0.0535,0.621,0.2666,1.6132,0.0547
1.0518,0.0834,0.6095,0.1575,1.6004,0.0711
0.9482,0.0745,0.6491,0.139,1.6041,0.06
0.8065,0.0547,0.6544,0.1223,1.4262,0.0607
0.9346,0.0878,0.6186,0.1619,1.4047,0.0606
1.0371,0.0734,0.6497,0.1927,1.5835,0.066
0.9479,0.0667,0.601,0.1887,1.6991,0.072
0.8102,0.0726,0.7155,0.1292,1.7434,0.0559
0.942,0.0819,0.6169,0.2315,1.7098,0.0597
0.8999,0.0567,0.6926,0.1969,1.4688,0.0516
0.8533,0.0845,0.6181,0.1474,1.7904,0.0611
1.0861,0.0591,0.6809,0.2554,1.5262,0.0789
0.9502,0.0652,0.6212,0.2882,1.2158,0.0704
1.0391,0.0597,0.6563,0.1977,1.5978,0.0606
0.9577,0.0802,0.6747,0.2095,1.6842,0.0694
0.8578,0.0564,0.6011,0.211,1.4024,0.0502
1.0929,0.0866,0.6723,0.2318,1.3241,0.0799
0.8337,0.0709,0.6038,0.2288,1.4743,0.043
1.0488,0.0801,0.6108,0.1758,1.3663,0.0427
0.9938,0.0504,0.6963,0.1865,1.7496,0.0789
1.077,0.0614,0.6582,0.1328,1.6389,0.077
0.9973,0.0637,0.6697,0.2191,1.3097,0.0577
0.9764,0.0531,0.6204,0.1801,1.3054,0.077
0.8631,0.0751,0.7131,0.1407,1.4011,0.0504
0.853,0.0541,0.6083,0.1484,1.3841,0.0626
1.0975,0.0633,0.6573,0.2229,1.2154,0.0789
1.0729,0.0848,0.6645,0.2366,1.7167,0.0714
0.9963,0.0845,0.6602,0.1509,1.4355,0.0554
1.0074,0.0576,0.6281,0.2002,1.6176,0.0791
1.0487,0.054,0.653,0.2021,1.3426,0.0604
1.004,0.088,0.6403,0.1603,1.4161,0.0666
0.8961,0.0638,0.7177,0.1709,1.6102,0.0714
1.0913,0.0771,0.615,0.1416,1.2681,0.0676
1.0368,0.0893,0.6576,0.158,1.5114,0.0731
0.9754,0.084,0.6308,0.221,1.3502,0.0404
0.9353,0.0557,0.6988,0.1049,1.3272,0.0582
0.8637,0.0544,0.6048,0.169,1.7382,0.0648
1.0583,0.0757,0.644,0.2208,1.292,0.0589
1.0392,0.0751,0.7145,0.1543,1.7769,0.077
0.9889,0.0833,0.6257,0.1521,1.7385,0.0772
0.866,0.063,0.6521,0.2411,1.2384,0.0564
1.0593,0.0595,0.6635,0.1925,1.2493,0.0511
1.0192,0.0885,0.7057,0.1535,1.2056,0.0429
0.9001,0.0728,0.6434,0.127,1.2408,0.0412
0.9741,0.0796,0.6836,0.135,1.249,0.061
0.9108,0.0886,0.6752,0.2022,1.225,0.052
0.8359,0.081,0.6753,0.1926,1.4832,0.0577
0.9447,0.0623,0.7183,0.1661,1.5831,0.0533
1.0571,0.0535,0.7184,0.1801,1.2907,0.0571
0.8436,0.0755,0.6462,0.251,1.4931,0.0566
0.8232,0.0648,0.6344,0.1175,1.5857,0.0511
0.9267,0.0518,0.6756,0.128,1.2557,0.0709
1.0413,0.0683,0.6108,0.2525,1.7856,0.0763
0.9197,0.0638,0.6828,0.1021,1.6226,0.0436
0.8952,0.0619,0.673,0.1741,1.3456,0.0541
1.0754,0.0522,0.6841,0.1147,1.6951,0.0734
0.8867,0.0888,0.6618,0.1592,1.7488,0.0721
0.8057,0.0758,0.6477,0.1083,1.6934,0.0566
0.8498,0.0587,0.6292,0.2276,1.7731,0.0693
1.0624,0.0835,0.6896,0.198,1.7277,0.0748
0.8078,0.0618,0.6127,0.2464,1.7837,0.0412
0.9628,0.055,0.6363,0.2074,1.5643,0.0475
0.817,0.0832,0.6431,0.2076,1.3071,0.044
0.8109,0.0892,0.6493,0.1713,1.4649,0.0766
0.9344,0.0779,0.6163,0.1893,1.3298,0.0779
1.0462,0.07,0.6674,0.1409,1.3926,0.0756
0.9652,0.0861,0.6517,0.1054,1.4279,0.0486
1.0988,0.0741,0.6566,0.1137,1.5703,0.0796
1.0351,0.0529,0.6602,0.2155,1.3239,0.0673
0.8381,0.057,0.6254,0.1464,1.5373,0.0466
0.813,0.0777,0.6521,0.1642,1.5066,0.0612
0.8851,0.085,0.7115,0.1213,1.6522,0.0682
1.002,0.0588,0.7111,0.1179,1.2753,0.0525
1.0688,0.0602,0.7113,0.1807,1.433,0.0692
1.0381,0.0841,0.6788,0.1204,1.6286,0.0683
1.0653,0.0698,0.7042,0.1566,1.3773,0.0727
0.8911,0.0503,0.6691,0.1445,1.5094,0.0699
0.8083,0.0778,0.681,0.1418,1.4554,0.064
1.0878,0.0514,0.6985,0.2017,1.7283,0.073
0.8856,0.0524,0.6006,0.1722,1.509,0.0534
0.9081,0.0664,0.661,0.1269,1.7701,0.0795
0.9899,0.0525,0.6693,0.1829,1.5064,0.0726
0.8987,0.0743,0.7013,0.1982,1.2515,0.074
1.026,0.0582,0.6661,0.1614,1.4462,0.0513
0.8324,0.0825,0.6953,0.1176,1.6865,0.0518
0.8857,0.0892,0.6276,0.1606,1.7744,0.0684
0.9123,0.0562,0.627,0.1608,1.3586,0.0531
0.9661,0.0521,0.6025,0.2549,1.5,0.0437
1.0538,0.0563,0.6557,0.1581,1.4095,0.044
0.9792,0.0621,0.6322,0.1224,1.6752,0.062
0.8789,0.0559,0.6796,0.1717,1.4756,0.0586
0.877,0.0517,0.6655,0.1726,1.7164,0.0631
1.0852,0.0754,0.6463,0.1489,1.7264,0.0723
1.0919,0.0821,0.6648,0.1255,1.2835,0.0484
0.8308,0.0816,0.692,0.1625,1.228,0.0407
0.8031,0.0565,0.6581,0.1918,1.2365,0.065
1.0073,0.0501,0.685,0.2453,1.3634,0.0709
0.8114,0.0777,0.6279,0.2374,1.253,0.069
1.0247,0.0526,0.6124,0.2686,1.7757,0.0642
0.9518,0.0681,0.6029,0.2166,1.2171,0.0792
1.0004,0.0851,0.6025,0.2111,1.2611,0.0679
1.0644,0.0607,0.7066,0.1123,1.4531,0.0519
0.8737,0.0678,0.6295,0.2536,1.35,0.0446
0.8421,0.0743,0.6494,0.2136,1.5112,0.0549
1.0923,0.0867,0.6134,0.1922,1.6609,0.0666
1.0221,0.0576,0.6214,0.1426,1.6197,0.0465
0.9476,0.0834,0.6711,0.1787,1.4874,0.0748
0.9201,0.0788,0.6423,0.2465,1.658,0.0628
0.8977,0.0841,0.6587,0.234,1.737,0.0671
0.9242,0.0703,0.656,0.109,1.2233,0.0782
1.0525,0.0551,0.6785,0.1891,1.7218,0.0798
0.9792,0.0617,0.6822,0.2094,1.7188,0.0529
0.9639,0.0714,0.6211,0.2034,1.5672,0.0449
0.8176,0.0851,0.6284,0.1857,1.6062,0.0453
0.9626,0.0824,0.7095,0.1515,1.2449,0.0542
0.9885,0.0583,0.6655,0.1447,1.282,0.0575
0.9931,0.0504,0.7054,0.2013,1.3799,0.0756
1.0984,0.0698,0.6227,0.1922,1.6612,0.0433
0.8075,0.056,0.625,0.2821,1.527,0.0459
1.0387,0.0638,0.6324,0.1802,1.3274,0.0491
1.0089,0.0716,0.6456,0.1719,1.6144,0.0531
0.9334,0.0628,0.7097,0.1637,1.6757,0.0709
0.8315,0.0546,0.6048,0.2547,1.264,0.0525
0.9591,0.0693,0.6169,0.1963,1.2526,0.0447
1.0956,0.0656,0.666,0.132,1.7927,0.0748
0.9571,0.0787,0.6283,0.2048,1.2839,0.0755
0.891,0.0891,0.6724,0.1962,1.4923,0.0712
1.0569,0.0702,0.6793,0.179,1.4516,0.0707
1.0739,0.0551,0.6799,0.145,1.7089,0.044
1.0846,0.0508,0.6704,0.1139,1.5067,0.0422
1.0059,0.0744,0.6073,0.2829,1.2329,0.0721
1.0701,0.0834,0.6509,0.19,1.2892,0.0698
0.8902,0.0846,0.6833,0.1515,1.7311,0.0409
0.8739,0.0889,0.6163,0.2742,1.7073,0.0608
0.9288,0.0634,0.6488,0.2194,1.7807,0.0505
1.0691,0.0575,0.6063,0.2509,1.2394,0.0572
0.935,0.0674,0.6079,0.1235,1.7306,0.0489
0.8247,0.0822,0.6277,0.1545,1.7106,0.0501
1.0228,0.0681,0.6527,0.1551,1.338,0.0689
1.0455,0.057,0.6367,0.2674,1.6909,0.0702
1.0264,0.0875,0.6148,0.2096,1.2069,0.0794
1.0601,0.0701,0.6705,0.1288,1.3673,0.0651
0.9684,0.0623,0.6524,0.1091,1.2813,0.0525
0.9034,0.0813,0.6349,0.1823,1.6671,0.0523
0.8934,0.0615,0.6244,0.2664,1.21,0.072
0.8144,0.0723,0.6717,0.1242,1.317,0.0753
0.8518,0.0802,0.654,0.18,1.2726,0.0539
1.0183,0.0616,0.6295,0.1901,1.4552,0.0642
0.9293,0.0745,0.7134,0.1597,1.44,0.0628
1.0482,0.0881,0.6184,0.219,1.7296,0.0564
0.8958,0.0891,0.625,0.242,1.7681,0.0439
0.8066,0.0793,0.6607,0.1025,1.6346,0.0599
1.0298,0.069,0.67,0.1014,1.5618,0.0685
0.944,0.0579,0.6447,0.1195,1.4314,0.0755
1.0962,0.0721,0.6006,0.1664,1.7004,0.0449
0.8892,0.0542,0.7141,0.1887,1.7719,0.0452
1.0619,0.0716,0.6096,0.2907,1.2447,0.0724
1.06,0.067,0.6705,0.1842,1.4869,0.072
1.0145,0.0696,0.6121,0.2056,1.6437,0.074
0.9759,0.0542,0.62,0.2566,1.5224,0.0421
0.9417,0.0529,0.6279,0.2308,1.5652,0.0787
0.8831,0.0851,0.6084,0.285,1.6309,0.0645
1.0096,0.0579,0.6859,0.121,1.4314,0.0591
0.8308,0.0676,0.6677,0.1491,1.7908,0.0561
0.8089,0.0753,0.6779,0.1278,1.6585,0.0603
0.9522,0.0615,0.6001,0.1246,1.3997,0.0667
0.8059,0.0619,0.6045,0.2455,1.4607,0.0597
0.8015,0.0684,0.7044,0.1072,1.2943,0.0596
0.8134,0.0699,0.6757,0.1006,1.6155,0.0431
1.0726,0.0533,0.6084,0.2661,1.6224,0.0546
0.9552,0.0854,0.6679,0.1434,1.7901,0.0435
0.8141,0.0514,0.7051,0.1895,1.7561,0.0718
1.0647,0.0653,0.7033,0.1331,1.4436,0.044
1.0543,0.0794,0.6382,0.2152,1.7151,0.0592
0.9377,0.08,0.6839,0.1096,1.3897,0.0793
1.0213,0.0765,0.6151,0.1366,1.4501,0.0642
0.9619,0.0555,0.6321,0.1079,1.3215,0.041
0.8611,0.0702,0.6243,0.2193,1.7791,0.0624
0.9049,0.0641,0.6231,0.282,1.7996,0.0732
0.8628,0.0538,0.6514,0.1185,1.63,0.0672
0.9419,0.0784,0.6381,0.1267,1.5457,0.0764
1.011,0.0621,0.6764,0.1126,1.3113,0.0783
0.9925,0.0611,0.6274,0.2766,1.6822,0.057
0.8812,0.0838,0.6472,0.1444,1.6764,0.0485
0.8967,0.0532,0.6668,0.1424,1.7007,0.066
0.8772,0.066,0.6901,0.1313,1.4515,0.0712
0.978,0.057,0.6967,0.1231,1.5738,0.0724
0.8859,0.052,0.6355,0.224,1.2653,0.0745
0.8706,0.0656,0.7098,0.1262,1.4505,0.0681
1.0592,0.0709,0.6767,0.1352,1.6433,0.0652
0.9978,0.0722,0.6154,0.1968,1.7458,0.0697
0.9085,0.0797,0.7057,0.1123,1.2583,0.0581
1.0594,0.0754,0.6547,0.21,1.5551,0.0577
0.9225,0.0561,0.6849,0.2184,1.2267,0.0678
1.0555,0.0839,0.6225,0.1779,1.2485,0.0597
1.0233,0.0538,0.6527,0.1582,1.2243,0.0508
0.8021,0.0659,0.6958,0.139,1.4162,0.0726
0.9204,0.0523,0.614,0.1362,1.4388,0.0574
1.0534,0.0669,0.6193,0.217,1.3671,0.072
0.8501,0.0653,0.6206,0.2266,1.4747,0.0773
0.8923,0.0548,0.7033,0.1284,1.7315,0.0517
0.872,0.056,0.6038,0.2363,1.7097,0.0485
0.8903,0.051,0.7167,0.1337,1.5996,0.0665
1.063,0.0763,0.6102,0.1079,1.7588,0.0661
0.8152,0.0702,0.6404,0.268,1.7453,0.0736
0.9087,0.0715,0.6838,0.2192,1.3596,0.0546
0.9663,0.0561,0.6369,0.2818,1.4937,0.0586
0.99,0.0699,0.6418,0.1741,1.5901,0.0523
0.8568,0.0519,0.6906,0.1294,1.2897,0.0473
0.86,0.0668,0.6232,0.1958,1.6965,0.048
1.0716,0.0651,0.6224,0.2964,1.6453,0.0724
1.0225,0.0665,0.6468,0.2759,1.7407,0.0716
0.9161,0.0572,0.6342,0.2772,1.5907,0.0758
0.8293,0.0666,0.6055,0.2932,1.2301,0.0464
0.8567,0.0617,0.699,0.1174,1.3698,0.0592
0.8373,0.0547,0.6454,0.141,1.5885,0.0505
0.9933,0.0522,0.7162,0.1592,1.4466,0.0758
0.9543,0.0779,0.628,0.2762,1.6287,0.0794
0.803,0.079,0.6939,0.174,1.3651,0.0527
0.8511,0.0802,0.6498,0.1519,1.327,0.0477
1.0795,0.0517,0.6907,0.1808,1.743,0.0756
0.8929,0.0553,0.6013,0.1976,1.3624,0.0605
0.843,0.0502,0.6271,0.2623,1.4844,0.0578
0.8184,0.0564,0.6621,0.2569,1.213,0.0662
1.0138,0.0532,0.6299,0.2805,1.6454,0.0531
1.0905,0.068,0.6017,0.2889,1.6206,0.0651
0.9034,0.0634,0.6435,0.2665,1.4575,0.0693
0.9464,0.0676,0.6001,0.1879,1.4924,0.0501
0.827,0.071,0.6146,0.2457,1.6363,0.0458
0.9913,0.0677,0.6103,0.2006,1.2921,0.0656
0.9272,0.0522,0.6617,0.209,1.5237,0.0753
1.0905,0.0795,0.6929,0.1624,1.3558,0.0571
1.0501,0.0778,0.6709,0.2005,1.4525,0.0411
0.9636,0.0514,0.616,0.2968,1.7787,0.0667
1.0649,0.0893,0.6184,0.2261,1.5243,0.0615
1.094,0.0764,0.6191,0.2691,1.4384,0.0745
0.9809,0.0645,0.6622,0.1707,1.6511,0.0435
1.0996,0.0807,0.6196,0.277,1.7505,0.0787
0.9178,0.0786,0.682,0.1203,1.4433,0.0771
0.9363,0.0744,0.717,0.1694,1.583,0.0449
0.8444,0.0619,0.7179,0.2087,1.3389,0.0743
0.9395,0.0642,0.6561,0.2154,1.7248,0.0702
1.0099,0.0575,0.6608,0.2323,1.2865,0.0576
0.9631,0.0693,0.7123,0.1156,1.3097,0.0417
1.0888,0.0826,0.6731,0.126,1.5626,0.0583
0.8166,0.0545,0.7022,0.2205,1.6228,0.0684
0.8333,0.0567,0.6603,0.1435,1.2994,0.0689
1.0575,0.055,0.6315,0.1358,1.7438,0.0478
0.8466,0.0833,0.6204,0.1498,1.5167,0.0627
1.0704,0.0876,0.6388,0.1519,1.4289,0.0651
0.9105,0.0724,0.6618,0.1579,1.518,0.0507
0.8535,0.0812,0.6761,0.1703,1.7806,0.0537
0.8733,0.0796,0.6174,0.2134,1.6338,0.0657
1.084,0.076,0.7187,0.1488,1.6888,0.0733
0.9104,0.0503,0.7195,0.1772,1.6129,0.0649
